ALTER SESSION SET current_schema = binabitrop;

DROP SEQUENCE CAT_REGISTRO_SEQ;
DROP SEQUENCE SEG_USUARIO_SEQ;
DROP SEQUENCE SEG_PERMISOS_ROL_SEQ;
DROP SEQUENCE SEG_PERMISO_SEQ;

CREATE SEQUENCE CAT_REGISTRO_SEQ;
CREATE SEQUENCE SEG_USUARIO_SEQ;
CREATE SEQUENCE SEG_PERMISOS_ROL_SEQ;
CREATE SEQUENCE SEG_PERMISO_SEQ;

DELETE FROM CAT_FAVORITOS_USUARIO;
DELETE FROM CAT_LEGADO;
DELETE FROM CAT_CONF_TALL_SIMP;
DELETE FROM CAT_MONOG_LIBRO;
DELETE FROM CAT_P_MONOG_CAP;
DELETE FROM CAT_SERIADA;
DELETE FROM CAT_TESIS;
DELETE FROM CAT_REGISTRO;
DELETE FROM SEG_USUARIO;
DELETE FROM SEG_PERMISOS_ROL;
DELETE FROM SEG_PERMISO;
DELETE FROM SEG_ROL;

/* ------------------------------INSERCIONES ----------------*/

/*-----------ROLES--------------*/
INSERT INTO SEG_ROL(ID_ROL)
VALUES('Superadmin');
INSERT INTO SEG_ROL(ID_ROL)
VALUES('Admin');
INSERT INTO SEG_ROL(ID_ROL)
VALUES('Colaborador');
INSERT INTO SEG_ROL(ID_ROL)
VALUES('Consultor');

/*-----------PERMISOS--------------*/
INSERT INTO SEG_PERMISO(ACCION)
VALUES('CatFavUsuario-index'); --1
INSERT INTO SEG_PERMISO(ACCION)
VALUES('CatFavUsuario-view'); --2
INSERT INTO SEG_PERMISO(ACCION)
VALUES('CatFavUsuario-add'); --3
INSERT INTO SEG_PERMISO(ACCION)
VALUES('CatFavUsuario-edit'); --4
INSERT INTO SEG_PERMISO(ACCION)
VALUES('CatFavUsuario-delete'); --5
INSERT INTO SEG_PERMISO(ACCION)
VALUES('CatRegistro-add'); --6
INSERT INTO SEG_PERMISO(ACCION)
VALUES('CatRegistro-addFavorites'); --7
INSERT INTO SEG_PERMISO(ACCION)
VALUES('CatRegistro-edit'); --8
INSERT INTO SEG_PERMISO(ACCION)
VALUES('CatRegistro-delete'); --9
INSERT INTO SEG_PERMISO(ACCION)
VALUES('SegPermiso-index'); --10
INSERT INTO SEG_PERMISO(ACCION)
VALUES('SegPermiso-view'); --11
INSERT INTO SEG_PERMISO(ACCION)
VALUES('SegPermiso-add'); --12
INSERT INTO SEG_PERMISO(ACCION)
VALUES('SegPermiso-edit'); --13
INSERT INTO SEG_PERMISO(ACCION)
VALUES('SegPermiso-delete'); --14
INSERT INTO SEG_PERMISO(ACCION)
VALUES('SegPermisosRol-index'); --15
INSERT INTO SEG_PERMISO(ACCION)
VALUES('SegPermisosRol-view'); --16
INSERT INTO SEG_PERMISO(ACCION)
VALUES('SegPermisosRol-add'); --17
INSERT INTO SEG_PERMISO(ACCION)
VALUES('SegPermisosRol-edit'); --18
INSERT INTO SEG_PERMISO(ACCION)
VALUES('SegPermisosRol-delete'); --19
INSERT INTO SEG_PERMISO(ACCION)
VALUES('SegRol-index'); --20
INSERT INTO SEG_PERMISO(ACCION)
VALUES('SegRol-view'); --21
INSERT INTO SEG_PERMISO(ACCION)
VALUES('SegRol-add'); --22
INSERT INTO SEG_PERMISO(ACCION)
VALUES('SegRol-edit'); --23
INSERT INTO SEG_PERMISO(ACCION)
VALUES('SegRol-delete'); --24
INSERT INTO SEG_PERMISO(ACCION)
VALUES('SegUsuario-index'); --25
INSERT INTO SEG_PERMISO(ACCION)
VALUES('SegUsuario-view'); --26
INSERT INTO SEG_PERMISO(ACCION)
VALUES('SegUsuario-edit'); --27
INSERT INTO SEG_PERMISO(ACCION)
VALUES('SegUsuario-delete'); --28
INSERT INTO SEG_PERMISO(ACCION)
VALUES('SegUsuario-logout'); --29
INSERT INTO SEG_PERMISO(ACCION)
VALUES('SegUsuario-changePassword'); --30
INSERT INTO SEG_PERMISO(ACCION)
VALUES('SegUsuario-notifyUserRegistry'); --31
INSERT INTO SEG_PERMISO(ACCION)
VALUES('CatRegistro-myEntries'); --32
INSERT INTO SEG_PERMISO(ACCION)
VALUES('SegUsuario-indexEditRole'); --33

/*-----------------PERMISOS_ROL--------------------*/
INSERT INTO SEG_PERMISOS_ROL(ROL_FK, PERMISOS_FK)
VALUES('Superadmin', 1);
INSERT INTO SEG_PERMISOS_ROL(ROL_FK, PERMISOS_FK)
VALUES('Admin', 1);
INSERT INTO SEG_PERMISOS_ROL(ROL_FK, PERMISOS_FK)
VALUES('Colaborador', 1);
INSERT INTO SEG_PERMISOS_ROL(ROL_FK, PERMISOS_FK)
VALUES('Consultor', 1);
INSERT INTO SEG_PERMISOS_ROL(ROL_FK, PERMISOS_FK)
VALUES('Superadmin', 2);
INSERT INTO SEG_PERMISOS_ROL(ROL_FK, PERMISOS_FK)
VALUES('Admin', 2);
INSERT INTO SEG_PERMISOS_ROL(ROL_FK, PERMISOS_FK)
VALUES('Colaborador', 2);
INSERT INTO SEG_PERMISOS_ROL(ROL_FK, PERMISOS_FK)
VALUES('Consultor', 2);
INSERT INTO SEG_PERMISOS_ROL(ROL_FK, PERMISOS_FK)
VALUES('Superadmin', 3);
INSERT INTO SEG_PERMISOS_ROL(ROL_FK, PERMISOS_FK)
VALUES('Admin', 3);
INSERT INTO SEG_PERMISOS_ROL(ROL_FK, PERMISOS_FK)
VALUES('Colaborador', 3);
INSERT INTO SEG_PERMISOS_ROL(ROL_FK, PERMISOS_FK)
VALUES('Consultor', 3);
INSERT INTO SEG_PERMISOS_ROL(ROL_FK, PERMISOS_FK)
VALUES('Superadmin', 4);
INSERT INTO SEG_PERMISOS_ROL(ROL_FK, PERMISOS_FK)
VALUES('Admin', 4);
INSERT INTO SEG_PERMISOS_ROL(ROL_FK, PERMISOS_FK)
VALUES('Colaborador', 4);
INSERT INTO SEG_PERMISOS_ROL(ROL_FK, PERMISOS_FK)
VALUES('Consultor', 4);
INSERT INTO SEG_PERMISOS_ROL(ROL_FK, PERMISOS_FK)
VALUES('Superadmin', 5);
INSERT INTO SEG_PERMISOS_ROL(ROL_FK, PERMISOS_FK)
VALUES('Admin', 5);
INSERT INTO SEG_PERMISOS_ROL(ROL_FK, PERMISOS_FK)
VALUES('Colaborador', 5);
INSERT INTO SEG_PERMISOS_ROL(ROL_FK, PERMISOS_FK)
VALUES('Consultor', 5);
INSERT INTO SEG_PERMISOS_ROL(ROL_FK, PERMISOS_FK)
VALUES('Superadmin', 6);
INSERT INTO SEG_PERMISOS_ROL(ROL_FK, PERMISOS_FK)
VALUES('Admin', 6);
INSERT INTO SEG_PERMISOS_ROL(ROL_FK, PERMISOS_FK)
VALUES('Colaborador', 6);
INSERT INTO SEG_PERMISOS_ROL(ROL_FK, PERMISOS_FK)
VALUES('Superadmin', 7);
INSERT INTO SEG_PERMISOS_ROL(ROL_FK, PERMISOS_FK)
VALUES('Admin', 7);
INSERT INTO SEG_PERMISOS_ROL(ROL_FK, PERMISOS_FK)
VALUES('Colaborador', 7);
INSERT INTO SEG_PERMISOS_ROL(ROL_FK, PERMISOS_FK)
VALUES('Consultor', 7);
INSERT INTO SEG_PERMISOS_ROL(ROL_FK, PERMISOS_FK)
VALUES('Superadmin', 8);
INSERT INTO SEG_PERMISOS_ROL(ROL_FK, PERMISOS_FK)
VALUES('Admin', 8);
INSERT INTO SEG_PERMISOS_ROL(ROL_FK, PERMISOS_FK)
VALUES('Colaborador', 8);
INSERT INTO SEG_PERMISOS_ROL(ROL_FK, PERMISOS_FK)
VALUES('Superadmin', 9);
INSERT INTO SEG_PERMISOS_ROL(ROL_FK, PERMISOS_FK)
VALUES('Admin', 9);
INSERT INTO SEG_PERMISOS_ROL(ROL_FK, PERMISOS_FK)
VALUES('Colaborador', 9);
INSERT INTO SEG_PERMISOS_ROL(ROL_FK, PERMISOS_FK)
VALUES('Superadmin', 10);
INSERT INTO SEG_PERMISOS_ROL(ROL_FK, PERMISOS_FK)
VALUES('Superadmin', 11);
INSERT INTO SEG_PERMISOS_ROL(ROL_FK, PERMISOS_FK)
VALUES('Superadmin', 12);
INSERT INTO SEG_PERMISOS_ROL(ROL_FK, PERMISOS_FK)
VALUES('Superadmin', 13);
INSERT INTO SEG_PERMISOS_ROL(ROL_FK, PERMISOS_FK)
VALUES('Superadmin', 14);
INSERT INTO SEG_PERMISOS_ROL(ROL_FK, PERMISOS_FK)
VALUES('Superadmin', 15);
INSERT INTO SEG_PERMISOS_ROL(ROL_FK, PERMISOS_FK)
VALUES('Superadmin', 16);
INSERT INTO SEG_PERMISOS_ROL(ROL_FK, PERMISOS_FK)
VALUES('Superadmin', 17);
INSERT INTO SEG_PERMISOS_ROL(ROL_FK, PERMISOS_FK)
VALUES('Superadmin', 18);
INSERT INTO SEG_PERMISOS_ROL(ROL_FK, PERMISOS_FK)
VALUES('Superadmin', 19);
INSERT INTO SEG_PERMISOS_ROL(ROL_FK, PERMISOS_FK)
VALUES('Superadmin', 20);
INSERT INTO SEG_PERMISOS_ROL(ROL_FK, PERMISOS_FK)
VALUES('Superadmin', 21);
INSERT INTO SEG_PERMISOS_ROL(ROL_FK, PERMISOS_FK)
VALUES('Superadmin', 22);
INSERT INTO SEG_PERMISOS_ROL(ROL_FK, PERMISOS_FK)
VALUES('Superadmin', 23);
INSERT INTO SEG_PERMISOS_ROL(ROL_FK, PERMISOS_FK)
VALUES('Superadmin', 24);
INSERT INTO SEG_PERMISOS_ROL(ROL_FK, PERMISOS_FK)
VALUES('Superadmin', 25);
INSERT INTO SEG_PERMISOS_ROL(ROL_FK, PERMISOS_FK)
VALUES('Superadmin', 26);
INSERT INTO SEG_PERMISOS_ROL(ROL_FK, PERMISOS_FK)
VALUES('Admin', 26);
INSERT INTO SEG_PERMISOS_ROL(ROL_FK, PERMISOS_FK)
VALUES('Colaborador', 26);
INSERT INTO SEG_PERMISOS_ROL(ROL_FK, PERMISOS_FK)
VALUES('Consultor', 26);
INSERT INTO SEG_PERMISOS_ROL(ROL_FK, PERMISOS_FK)
VALUES('Superadmin', 28);
INSERT INTO SEG_PERMISOS_ROL(ROL_FK, PERMISOS_FK)
VALUES('Admin', 28);
INSERT INTO SEG_PERMISOS_ROL(ROL_FK, PERMISOS_FK)
VALUES('Colaborador', 28);
INSERT INTO SEG_PERMISOS_ROL(ROL_FK, PERMISOS_FK)
VALUES('Consultor', 28);
INSERT INTO SEG_PERMISOS_ROL(ROL_FK, PERMISOS_FK)
VALUES('Superadmin', 29);
INSERT INTO SEG_PERMISOS_ROL(ROL_FK, PERMISOS_FK)
VALUES('Admin', 29);
INSERT INTO SEG_PERMISOS_ROL(ROL_FK, PERMISOS_FK)
VALUES('Colaborador', 29);
INSERT INTO SEG_PERMISOS_ROL(ROL_FK, PERMISOS_FK)
VALUES('Consultor', 29);
INSERT INTO SEG_PERMISOS_ROL(ROL_FK, PERMISOS_FK)
VALUES('Superadmin', 30);
INSERT INTO SEG_PERMISOS_ROL(ROL_FK, PERMISOS_FK)
VALUES('Admin', 30);
INSERT INTO SEG_PERMISOS_ROL(ROL_FK, PERMISOS_FK)
VALUES('Colaborador', 30);
INSERT INTO SEG_PERMISOS_ROL(ROL_FK, PERMISOS_FK)
VALUES('Consultor', 30);
INSERT INTO SEG_PERMISOS_ROL(ROL_FK, PERMISOS_FK)
VALUES('Superadmin', 32);
INSERT INTO SEG_PERMISOS_ROL(ROL_FK, PERMISOS_FK)
VALUES('Admin', 32);
INSERT INTO SEG_PERMISOS_ROL(ROL_FK, PERMISOS_FK)
VALUES('Colaborador', 32);
INSERT INTO SEG_PERMISOS_ROL(ROL_FK, PERMISOS_FK)
VALUES('Superadmin', 33);

/*--------------------USUARIOS------------------------*/

INSERT INTO SEG_USUARIO(NOMBRE_USUARIO, ROL_FK, NOMBRE, PRIMER_APELLIDO, CORREO_ELECTRONICO, BCRYPT_HASH, ACTIVO)
VALUES('Binabitrop', 'Superadmin', 'Binabitrop', 'Binabitrop', 'binabitrop@tropicalstudies.org', '$2y$10$efKSygyf2Yc3R2IFNHGoguoeskX9bK0mFi1lreG.qmzmTfhrfp5u6', '1');/*---Password: Binabitrop.123---*/

/*--------------------REGISTROS-----------------------*/
ALTER TABLE CAT_REGISTRO
MODIFY DOCUMENTALISTA_S int null;

ALTER TABLE CAT_REGISTRO 
MODIFY ACTIVO char(1) null;

INSERT INTO  CAT_REGISTRO(DISPONIBILIDAD, ACRON_CENTRO_PARTI, AFILIACION, AUTOR_INST_DOC_PADRE, AUTOR_INSTIT, AUTOR_PERSONAL_DOC_PADRE, AUTORES_INSTIT,AUTORES_PERSONAL,DESCRIPT_GEOG, DESCRIPT_LOCALES,DESCRIPT_PRIMAR,DESCRIPT_SECUND, DOCUMENTALISTA_S, FECHA_INGRESO_REGISTRO, FECHA_PUBL_EDICION_FROM_ISO, FECHA_PUBL_IN_EXT,IDREG, ISSN2, MENC_DE_LAS_PART, N_REGISTROS_DE_LAS_PARTES, RESUMEN, SIGNATURA_TOPOGRAFICA,TIPO_DE_MATERIAL,TITULO, UBICACION, NIVEL_BIBLIOGR_DOC_PADRE, NIVEL_BIBLIOGRAFICO, NOTAS, URL_OTS)
SELECT DISPONIBILIDAD, ACRONIMO_CENTRO_PARTICIPANTE, AFILIACION, AUTOR_INSTIT_DOC_PADRE, AUTOR_INSTITUCIONAL, AUTOR_PERSONAL_DOC_PADRE, AUTORES_INSTITUCIONALES,AUTORES_PERSONALES,DESCRIPTORES_GEOGRAFICOS, DESCRIPTORES_LOCALES,DESCRIPTORES_PRIMARIOS,DESCRIPTORES_SECUNDARIOS, DOCUMENTALISTA_S, FECHA_INGRESO_REGISTRO, FECHA_PUBL_EDICION_FORM_ISO, FECHA_PUBL_EDICION_IN_EXTENSO,ID, ISSN2, MENCION_DE_LAS_PARTES, N_REGISTRO_DE_LAS_PARTES, TO_LOB(RESUMEN), SIGNATURA_TOPOGRAFICA, TIPO_DE_MATERIAL, TITULO, UBICACION, NIVEL_BIBLIOGR_DOC_PADRE, NIVEL_BIBLIOGRAFICO, NOTAS, URL_OTS
FROM BINABITROP.FBINABITROP
ORDER BY ID_BASE;
        
UPDATE CAT_REGISTRO
SET DOCUMENTALISTA_S = 1;   

UPDATE CAT_REGISTRO
SET DISPONIBILIDAD = 1;  

UPDATE CAT_REGISTRO
SET ACTIVO = 1;  
 
ALTER TABLE CAT_REGISTRO 
MODIFY ACTIVO char(1) not null;

            
ALTER TABLE CAT_REGISTRO
MODIFY DOCUMENTALISTA_S int not null;
  
/*Creamos tabla auxiliar con el mismo orden por ID_BASE que FBINABITROP, la vamos a utilizar para tomar el ID_REGISTRO que corresponde al Registro_FK en las tablas de especializaci�n*/  
 CREATE TABLE TABLA_AUXILIAR(	
    "ID_REGISTRO" INT NOT NULL,
    "ACRONIMO_CENTRO_PARTICIPANTE" VARCHAR2(100 BYTE), 
	"AFILIACION" VARCHAR2(2000 BYTE), 
	"AUTOR_INSTIT_DOC_PADRE" VARCHAR2(1000 BYTE), 
	"AUTOR_INSTITUCIONAL" VARCHAR2(1000 BYTE), 
	"AUTOR_PERSONAL_DOC_PADRE" VARCHAR2(1000 BYTE), 
	"AUTORES_INSTITUCIONALES" VARCHAR2(1000 BYTE), 
	"AUTORES_PERSONALES" VARCHAR2(1200 BYTE), 
	"CODIGO_AUTORIDAD_DEL_SUPLIDOR" VARCHAR2(100 BYTE), 
	"COLACION_M_C" VARCHAR2(1000 BYTE), 
	"DESCRIPTORES_GEOGRAFICOS" VARCHAR2(4000 BYTE), 
	"DESCRIPTORES_LOCALES" VARCHAR2(4000 BYTE), 
	"DESCRIPTORES_PRIMARIOS" VARCHAR2(4000 BYTE), 
	"DESCRIPTORES_PROPUESTOS" VARCHAR2(4000 BYTE), 
	"DESCRIPTORES_SECUNDARIOS" VARCHAR2(4000 BYTE), 
	"DISPONIBILIDAD" VARCHAR2(1000 BYTE), 
	"DOCUMENTALISTA_S" VARCHAR2(1000 BYTE), 
	"EDICION" VARCHAR2(1000 BYTE), 
	"EDITORIAL" VARCHAR2(1000 BYTE), 
	"ENCABEZAMIENTO_TEMATICO_GEN_" VARCHAR2(4000 BYTE), 
	"ESTADO_DE_SOLICITUD" VARCHAR2(1000 BYTE), 
	"ESTADO_DEL_PROCESAMIENTO" VARCHAR2(4000 BYTE), 
	"FECHA_DEL_RECLAMO" VARCHAR2(100 BYTE), 
	"FECHA_INGRESO_REGISTRO" VARCHAR2(500 BYTE), 
	"FECHA_PUBL_EDICION_FORM_ISO" VARCHAR2(100 BYTE), 
	"FECHA_PUBL_EDICION_IN_EXTENSO" VARCHAR2(100 BYTE), 
	"ID" VARCHAR2(100 BYTE), 
	"IDIOMA_DE_ANALISIS" VARCHAR2(100 BYTE), 
	"IDIOMA_S_DE_LOS_RESUMENES" VARCHAR2(500 BYTE), 
	"IDIOMA_S_DEL_TEXTO" VARCHAR2(500 BYTE), 
	"ISBN_S" VARCHAR2(1000 BYTE), 
	"ISSN" VARCHAR2(100 BYTE), 
	"MENCION_DE_LAS_PARTES" VARCHAR2(1000 BYTE), 
	"N_REG_CENTRO_PARTICIPANTE" VARCHAR2(100 BYTE), 
	"N_REG_VERSION_OTROS_IDIOMAS" VARCHAR2(100 BYTE), 
	"N_REGISTRO_DE_LAS_PARTES" VARCHAR2(100 BYTE), 
	"N_S_DE_DOCUMENTO_S" VARCHAR2(1000 BYTE), 
	"NIVEL_BIBLIOGR_DOC_PADRE" VARCHAR2(100 BYTE), 
	"NIVEL_BIBLIOGRAFICO" VARCHAR2(100 BYTE), 
	"NOMBRE_S_ANTERIOR_ES" VARCHAR2(1000 BYTE), 
	"NOMBRE_S_POSTERIOR_ES" VARCHAR2(1000 BYTE), 
	"NOMBRE_Y_DIRECCION_SUPLIDOR" VARCHAR2(1000 BYTE), 
	"NOTAS" VARCHAR2(4000 BYTE), 
	"NOTAS_DE_ADQUISICION" VARCHAR2(1000 BYTE), 
	"NOTAS_REGISTRO_DE_AUTORIDADES" VARCHAR2(1000 BYTE), 
	"NUMERO_DE_COPIAS" VARCHAR2(4000 BYTE), 
	"NUMERO_DE_COPIAS_ORDENADAS" VARCHAR2(100 BYTE), 
	"NUMERO_S_DE_ACCESO" VARCHAR2(100 BYTE), 
	"OTRAS_INSTITUCIONES_ASOC_" VARCHAR2(1000 BYTE), 
	"PAIS_DE_ORIGEN" VARCHAR2(1000 BYTE), 
	"PRECIO" VARCHAR2(1000 BYTE), 
	"PROYECTO_S" VARCHAR2(1000 BYTE), 
	"REFERENCIA_S_DE_VEASE" VARCHAR2(1000 BYTE), 
	"REFERENCIA_S_DE_VEASE2" VARCHAR2(1000 BYTE), 
	"REUNION_ES" VARCHAR2(1000 BYTE), 
	"SERIES_MONOGRAFICAS" VARCHAR2(1000 BYTE), 
	"SIGNATURA_TOPOGRAFICA" VARCHAR2(4000 BYTE), 
	"SOLICITANTES_S" VARCHAR2(100 BYTE), 
	"SUPLIDOR" VARCHAR2(1000 BYTE), 
	"TESIS" VARCHAR2(1000 BYTE), 
	"TIPO_DE_ADQUISICION" VARCHAR2(1000 BYTE), 
	"TIPO_DE_MATERIAL" VARCHAR2(1000 BYTE), 
	"TITULO" VARCHAR2(1000 BYTE), 
	"TITULO_DE_LA_SERIADA" VARCHAR2(2000 BYTE), 
	"TITULO_DE_LA_SERIADA2" VARCHAR2(2000 BYTE), 
	"TITULO_DOCUMENTO_PADRE_M_C" VARCHAR2(2000 BYTE), 
	"TITULO_PARALELO_ESPANOL" VARCHAR2(2000 BYTE), 
	"TITULO_PARALELO_FRANCES" VARCHAR2(2000 BYTE), 
	"TITULO_PARALELO_INGLES" VARCHAR2(2000 BYTE), 
	"TITULO_PARALELO_OTRO_ID_" VARCHAR2(2000 BYTE), 
	"TITULO_S_ANTERIOR_ES" VARCHAR2(2000 BYTE), 
	"TITULO_S_POSTERIOR_ES" VARCHAR2(2000 BYTE), 
	"TITULOS_PARALELOS" VARCHAR2(2000 BYTE), 
	"UBICACION" VARCHAR2(4000 BYTE), 
	"VER_TAMBIEN_EDIC_EN_OTRO_ID_" VARCHAR2(100 BYTE), 
	"VERSIONES_EN_OTROS_IDIOMAS" VARCHAR2(1000 BYTE), 
	"IDREG" VARCHAR2(100 BYTE), 
	"FECHA_DE_MODIFICACION_DEL_REG" VARCHAR2(100 BYTE), 
	"FECHA_DE_LA_ORDEN" VARCHAR2(100 BYTE), 
	"FECHA_RECIBIDO" VARCHAR2(100 BYTE), 
	"ISSN2" VARCHAR2(100 BYTE), 
	"FECHA_REGISTRO_DE_AUTORIDADES" VARCHAR2(100 BYTE), 
	"TIPO_DE_REGISTRO" VARCHAR2(100 BYTE), 
	"RESUMEN" CLOB, 
	"PDF" VARCHAR2(50 BYTE), 
	"URL_OTS" VARCHAR2(1000 BYTE), 
	"ID_BASE" NUMBER(10,0)
);

/*
Creaci�n triggers para manejo de llaves auto-incrementales en la inserci�n de tabla auxiliar.
*/
CREATE SEQUENCE TABLA_AUXILIAR_SEQ;         

CREATE OR REPLACE TRIGGER  TABLA_AUXILIAR_INSERT
  BEFORE INSERT ON TABLA_AUXILIAR            
  FOR EACH ROW 
BEGIN   
  IF :NEW.ID_REGISTRO IS NULL THEN
    :NEW.ID_REGISTRO := TABLA_AUXILIAR_SEQ.nextval; 
  END IF; 
END; 
/

INSERT INTO  TABLA_AUXILIAR(ACRONIMO_CENTRO_PARTICIPANTE,AFILIACION,AUTOR_INSTIT_DOC_PADRE,AUTOR_INSTITUCIONAL,AUTOR_PERSONAL_DOC_PADRE,AUTORES_INSTITUCIONALES,AUTORES_PERSONALES,CODIGO_AUTORIDAD_DEL_SUPLIDOR,COLACION_M_C,DESCRIPTORES_GEOGRAFICOS,DESCRIPTORES_LOCALES,DESCRIPTORES_PRIMARIOS,DESCRIPTORES_PROPUESTOS,DESCRIPTORES_SECUNDARIOS,DISPONIBILIDAD,DOCUMENTALISTA_S,EDICION,EDITORIAL,ENCABEZAMIENTO_TEMATICO_GEN_,ESTADO_DE_SOLICITUD,ESTADO_DEL_PROCESAMIENTO,FECHA_DEL_RECLAMO,FECHA_INGRESO_REGISTRO,FECHA_PUBL_EDICION_FORM_ISO,FECHA_PUBL_EDICION_IN_EXTENSO,ID,IDIOMA_DE_ANALISIS,IDIOMA_S_DE_LOS_RESUMENES,IDIOMA_S_DEL_TEXTO,ISBN_S,ISSN,MENCION_DE_LAS_PARTES,N_REG_CENTRO_PARTICIPANTE,N_REG_VERSION_OTROS_IDIOMAS,N_REGISTRO_DE_LAS_PARTES,N_S_DE_DOCUMENTO_S,NIVEL_BIBLIOGR_DOC_PADRE,NIVEL_BIBLIOGRAFICO,NOMBRE_S_ANTERIOR_ES,NOMBRE_S_POSTERIOR_ES,NOMBRE_Y_DIRECCION_SUPLIDOR,NOTAS,NOTAS_DE_ADQUISICION,NOTAS_REGISTRO_DE_AUTORIDADES,NUMERO_DE_COPIAS,NUMERO_DE_COPIAS_ORDENADAS,NUMERO_S_DE_ACCESO,OTRAS_INSTITUCIONES_ASOC_,PAIS_DE_ORIGEN,PRECIO,PROYECTO_S,REFERENCIA_S_DE_VEASE,REFERENCIA_S_DE_VEASE2,REUNION_ES,SERIES_MONOGRAFICAS,SIGNATURA_TOPOGRAFICA,SOLICITANTES_S,SUPLIDOR,TESIS,TIPO_DE_ADQUISICION,TIPO_DE_MATERIAL,TITULO,TITULO_DE_LA_SERIADA,TITULO_DE_LA_SERIADA2,TITULO_DOCUMENTO_PADRE_M_C,TITULO_PARALELO_ESPANOL,TITULO_PARALELO_FRANCES,TITULO_PARALELO_INGLES,TITULO_PARALELO_OTRO_ID_,TITULO_S_ANTERIOR_ES,TITULO_S_POSTERIOR_ES,TITULOS_PARALELOS,UBICACION,VER_TAMBIEN_EDIC_EN_OTRO_ID_,VERSIONES_EN_OTROS_IDIOMAS,IDREG,FECHA_DE_MODIFICACION_DEL_REG,FECHA_DE_LA_ORDEN,FECHA_RECIBIDO,ISSN2,FECHA_REGISTRO_DE_AUTORIDADES,TIPO_DE_REGISTRO,RESUMEN,PDF,URL_OTS,ID_BASE)
SELECT ACRONIMO_CENTRO_PARTICIPANTE,AFILIACION,AUTOR_INSTIT_DOC_PADRE,AUTOR_INSTITUCIONAL,AUTOR_PERSONAL_DOC_PADRE,AUTORES_INSTITUCIONALES,AUTORES_PERSONALES,CODIGO_AUTORIDAD_DEL_SUPLIDOR,COLACION_M_C,DESCRIPTORES_GEOGRAFICOS,DESCRIPTORES_LOCALES,DESCRIPTORES_PRIMARIOS,DESCRIPTORES_PROPUESTOS,DESCRIPTORES_SECUNDARIOS,DISPONIBILIDAD,DOCUMENTALISTA_S,EDICION,EDITORIAL,ENCABEZAMIENTO_TEMATICO_GEN_,ESTADO_DE_SOLICITUD,ESTADO_DEL_PROCESAMIENTO,FECHA_DEL_RECLAMO,FECHA_INGRESO_REGISTRO,FECHA_PUBL_EDICION_FORM_ISO,FECHA_PUBL_EDICION_IN_EXTENSO,ID,IDIOMA_DE_ANALISIS,IDIOMA_S_DE_LOS_RESUMENES,IDIOMA_S_DEL_TEXTO,ISBN_S,ISSN,MENCION_DE_LAS_PARTES,N_REG_CENTRO_PARTICIPANTE,N_REG_VERSION_OTROS_IDIOMAS,N_REGISTRO_DE_LAS_PARTES,N_S_DE_DOCUMENTO_S,NIVEL_BIBLIOGR_DOC_PADRE,NIVEL_BIBLIOGRAFICO,NOMBRE_S_ANTERIOR_ES,NOMBRE_S_POSTERIOR_ES,NOMBRE_Y_DIRECCION_SUPLIDOR,NOTAS,NOTAS_DE_ADQUISICION,NOTAS_REGISTRO_DE_AUTORIDADES,NUMERO_DE_COPIAS,NUMERO_DE_COPIAS_ORDENADAS,NUMERO_S_DE_ACCESO,OTRAS_INSTITUCIONES_ASOC_,PAIS_DE_ORIGEN,PRECIO,PROYECTO_S,REFERENCIA_S_DE_VEASE,REFERENCIA_S_DE_VEASE2,REUNION_ES,SERIES_MONOGRAFICAS,SIGNATURA_TOPOGRAFICA,SOLICITANTES_S,SUPLIDOR,TESIS,TIPO_DE_ADQUISICION,TIPO_DE_MATERIAL,TITULO,TITULO_DE_LA_SERIADA,TITULO_DE_LA_SERIADA2,TITULO_DOCUMENTO_PADRE_M_C,TITULO_PARALELO_ESPANOL,TITULO_PARALELO_FRANCES,TITULO_PARALELO_INGLES,TITULO_PARALELO_OTRO_ID_,TITULO_S_ANTERIOR_ES,TITULO_S_POSTERIOR_ES,TITULOS_PARALELOS,UBICACION,VER_TAMBIEN_EDIC_EN_OTRO_ID_,VERSIONES_EN_OTROS_IDIOMAS,IDREG,FECHA_DE_MODIFICACION_DEL_REG,FECHA_DE_LA_ORDEN,FECHA_RECIBIDO,ISSN2,FECHA_REGISTRO_DE_AUTORIDADES,TIPO_DE_REGISTRO,TO_LOB(RESUMEN),PDF,URL_OTS,ID_BASE
FROM BINABITROP.FBINABITROP
ORDER BY ID_BASE;

/*-----------------CONFERENCIA, TALLER O SIMPOSIO-------------------*/
INSERT INTO  CAT_CONF_TALL_SIMP(REGISTRO_FK, COLACION_M_C, REUNION_ES)
SELECT ID_REGISTRO, COLACION_M_C, REUNION_ES
FROM TABLA_AUXILIAR
WHERE TIPO_DE_MATERIAL = 'CONF';

/*----------------SERIADA--------------------*/
INSERT INTO  CAT_SERIADA(REGISTRO_FK, TITULO_SERIADA2, ISSN, MENC_DE_LAS_PART)
SELECT ID_REGISTRO, TITULO_DE_LA_SERIADA2, ISSN, MENCION_DE_LAS_PARTES
FROM TABLA_AUXILIAR
WHERE TIPO_DE_MATERIAL = 'PER';

/*-----------------TESIS-------------------*/
INSERT INTO  CAT_TESIS(REGISTRO_FK, COLACION_M_C, EDITORIAL, TESIS)
SELECT 	ID_REGISTRO, COLACION_M_C, EDITORIAL, TESIS
FROM TABLA_AUXILIAR
WHERE TIPO_DE_MATERIAL = 'THES';

/*----------------MONOGRAFIA O LIBRO--------------------*/
INSERT INTO  CAT_MONOG_LIBRO(REGISTRO_FK, COLACION_M_C, EDITORIAL, SERIES_MONOG)
SELECT ID_REGISTRO, COLACION_M_C, EDITORIAL, SERIES_MONOGRAFICAS
FROM TABLA_AUXILIAR
WHERE TIPO_DE_MATERIAL = 'MONO';

/*-----------------PARTE MONOGRAFIA O PARTE LIBRO-------------------*/
INSERT INTO  CAT_P_MONOG_CAP(REGISTRO_FK, COLACION_M_C, EDITORIAL, ISBN_S, TITUL_PADR_M_C)
SELECT ID_REGISTRO, COLACION_M_C, EDITORIAL, ISBN_S, TITULO_DOCUMENTO_PADRE_M_C
FROM TABLA_AUXILIAR
WHERE TIPO_DE_MATERIAL = 'PART';

/*-----------------ATRIBUTOS LEGADO-------------------*/

INSERT INTO CAT_LEGADO(REGISTRO_FK, TIPO_ADQUISICION, SUPLIDOR, FECHA_REGISTRO_DE_AUTORIDADES, FECHA_MODIFICACION_DEL_REG, SOLICITANTES_S, REFERENCIA_S_DE_VEASE, REFERENCIA_S_DE_VEASE2, TITULO_PARALELO_ING, TITULO_PARALELO_ESP, TITULO_PARALELO_FRN, TITULOS_PARALELOS, TITULO_S_ANTERIOR_ES, TITULO_S_POSTERIOR_ES, TITULO_PARALELO_OTRO_IDIOMA, VER_TMB_EDIC_EN_OTRO_IDIOMA, VERSIONES_EN_OTROS_IDIOMAS, PROYECTO_S, PRECIO, OTRAS_INSTITU_ASOC, NUMERO_S_DE_ACCESO, NUMERO_DE_COPIAS, NUMERO_COPIAS_ORDENADAS, NOTAS_REGISTRO_DE_AUTORI, NOTAS_ADQUISICION, EDICION, ESTADO_SOLICITUD, N_S_DOCUMENTOS_S, NOMBRE_Y_DIR_SUPLIDOR, NOMBRE_S_POSTERIOR_ES, NOMBRE_S_ANTERIOR_ES, FECHA_DEL_RECLAMO, ESTADO_PROCESAMIENTO, IDIOMA_DEL_ANALISIS, N_REG_CENTRO_PARTICIPANTE, N_REG_VERSION_OTROS_IDIOMAS, ENCABEZ_TEMATICO_GEN_, ISBN, NIVEL_BIBLIOG, NIVEL_BIBLIO_DOC_PADRE, ID_BASE)
SELECT ID_REGISTRO, TIPO_DE_ADQUISICION, SUPLIDOR, FECHA_REGISTRO_DE_AUTORIDADES, FECHA_DE_MODIFICACION_DEL_REG, SOLICITANTES_S, REFERENCIA_S_DE_VEASE, REFERENCIA_S_DE_VEASE2, TITULO_PARALELO_INGLES, TITULO_PARALELO_ESPANOL, TITULO_PARALELO_FRANCES, TITULOS_PARALELOS, TITULO_S_ANTERIOR_ES, TITULO_S_POSTERIOR_ES, TITULO_PARALELO_OTRO_ID_, VER_TAMBIEN_EDIC_EN_OTRO_ID_, VERSIONES_EN_OTROS_IDIOMAS, PROYECTO_S, PRECIO, OTRAS_INSTITUCIONES_ASOC_, NUMERO_S_DE_ACCESO, NUMERO_DE_COPIAS, NUMERO_DE_COPIAS_ORDENADAS, NOTAS_REGISTRO_DE_AUTORIDADES, NOTAS_DE_ADQUISICION, EDICION, ESTADO_DE_SOLICITUD, N_S_DE_DOCUMENTO_S, NOMBRE_Y_DIRECCION_SUPLIDOR, NOMBRE_S_POSTERIOR_ES, NOMBRE_S_ANTERIOR_ES, FECHA_DEL_RECLAMO, ESTADO_DEL_PROCESAMIENTO, IDIOMA_DE_ANALISIS, N_REG_CENTRO_PARTICIPANTE, N_REG_VERSION_OTROS_IDIOMAS, ENCABEZAMIENTO_TEMATICO_GEN_, ISBN_S, NIVEL_BIBLIOGRAFICO, NIVEL_BIBLIOGR_DOC_PADRE, ID_BASE
FROM TABLA_AUXILIAR;

/*-------------------------Borramos objetos auxiliares---------------*/
DROP TRIGGER TABLA_AUXILIAR_INSERT;
DROP SEQUENCE TABLA_AUXILIAR_SEQ;
DROP TABLE TABLA_AUXILIAR;

commit;

